,,,,,,,,,,,,,,,,,,,,,,,,,,,,,,,
,,,,,,,,,,,,,,,,,,,,,,,,,,,,,,,
,,,,,,,,,,,EQUIPMENT,,,,,,,TOWING PERSONNEL,,,,SERVICE  TYPE,,,,,,,,,
S/N,DATE,DAY,TIME,A/C Regn,A/C Type,PB/TOW,PB,TOW,FROM,TO,AT1,AT2,AT3,AT4,AT5,AT6,AT10,OPERATOR,ASSISTANT 1,ASSISTANT 2,ASSISTANT 3,FBO,"NON
FBO",MXX,"NON
JET","HGR /
CMP CTR",Checked by,REMARKS,JOB NO.,ERROR,ERROR REMARKS
1,1-Sep-26,,0610,N308KB,G280,1,,,Z5,B1,,,,,,,1,KAM,SUK,SAZ,WAF,1,,,,1,SUK,ONLINE FOR DEP,25110,,
2,1-Sep-26,,1115,T7828,ACJ,1,,,Z4,GRE,,1,,,,,,KAM,SUK,HDT,SHI,1,,,,1,SUK,,25181,,
3,1-Sep-26,,1230,T7828,ACJ,,,1,GRE,Z4,,1,,,,,,KAM,SUK,HDT,SHI,1,,,,1,SUK,,25181,,
4,1-Sep-26,,1330,MSZSZ,G650,1,,,AG13,GRE,,,,,,,1,SUK,KAM,NAC,BRI,,,1,,,SUK,,PREMEIR,,
5,1-Sep-26,,1520,MSZSZ,G650,,,1,GRE,AG13,,,,,,,1,SUK,KAM,NAV,BRI,,,1,,,SUK,,PREMEIR,,
6,1-Sep-26,,1745,MPTGG,FA8X,,,1,Z4,C5,,,,,,,1,SUK,KAM,HDT,HSM,1,,,,1,SUK,ONLINE FOR DEP,25176,,
7,1-Sep-26,,1805,T7ARN,G650,1,,,AG13,D53,,,,,,,1,SUK,HDT,KAM,HSM,,,1,,,SUK,ONLINE FOR DEP,25217,,
8,1-Sep-26,,1835,VHRIO,H800XP,1,,,B61,AG5,,,,,,,1,SUK,KAM,HDT,,,,1,,,SUK,,25224,,
9,1-Sep-26,,2140,A7CHD,GA7C,,,1,D54,AG13,,,,,,,1,KAM,SUK,NIC,CHI,,,1,,,SUK,,25202,,
10,2-Sep-26,,0820,A7CHD,GA7C,1,,,AG13,D54,,,,,,,1,SUK,RAF,MCU,SHN,,,1,,,SUK,ONLINE FOR DEP,WOA,,
11,2-Sep-26,,0820,T758GG,F2TH,1,,,AG13,GRE,1,,,,,,,RAS,PNG,CNW,JAC,,,1,,1,SUK,,25159,,
12,2-Sep-26,,0920,N188WM,GA7C,1,,,CMP11,D52,,,,,,,1,SUK,RAF,FOO,SHI,1,,,,1,SUK,ONLINE FOR DEP,25230,,
13,2-Sep-26,,0920,T758GG,F2TH,,,1,AG13,Z4,1,,,,,,,RAS,PNG,CWG,JAC,,,1,,1,SUK,,25159,,
14,2-Sep-26,,1000,B3239,G550,1,,,AG11,C6,,,,,,,1,SUK,RAF,CHU,LEE,,,1,,,SUK,ONLINE FOR DEP,UV,,
15,2-Sep-26,,1340,N188WM,GA7C,,,1,D52,EP,,,,,,,1,SUK,RAS,SHA,,1,,,,1,SUK,TOW FORWARD,25230,,
16,2-Sep-26,,1515,T7VIC,GA8C,,,1,CMP11,D53,,,,,,,1,SUK,RAF,VIC,SHN,1,,,,1,SUK,ONLINE FOR DEP,WOA,,
17,2-Sep-26,,1550,VTKOL,E135,,,1,B5,B60,,,,,,,1,SUK,RAF,,,1,,,,,SUK,REPO,25220,,
18,2-Sep-26,,1715,N71111,G550,1,,,AG13,GRE,,,,,,,1,SUK,RAF,FAD,CHI,,,1,,,SUK,,25069,,
19,2-Sep-26,,1840,N71111,G550,,,1,GRE,AG13,,,,,,,1,SUK,RAF,FAD,GIL,,,1,,,SUK,,25069,,
20,2-Sep-26,,1910,T7111,FA7X,1,,,CPAD1,AG12,,,,1,,,,SAM,MUS,SUK,RAF,,,1,,,SUK,,WOA,,
21,2-Sep-26,,1930,N308KB,G280,,,1,B1,Z4,,,,,,,1,SUK,RAF,MUS,SAM,1,,,,1,SUK,,25214,,
22,3-Sep-26,,0910,LXARY,GL7T,1,,,C52,AG7,,,,,,,,,,,,,,,1,,ZAR,TOW BY BAS,25160,,
23,3-Sep-26,,1035,VPCTW,G650,1,,,Z5,D52,,,,,,,1,SUK,ZAR,HDT,WAF,1,,,,1,ZAR,,25190,,
24,3-Sep-26,,1100,VHRIO,H25B,,,1,AG5,B8,,,,,,,1,SUK,ZAR,CSA,,1,,,,,ZAR,,25224,,
25,3-Sep-26,,1130,T7EQR,G450,1,,,B6,AG13,,,,,,,1,SUK,ZAR,MUN,GAB,,,1,,,ZAR,,UV,,
26,3-Sep-26,,1315,RPC5168,G150,,,1,AG11,GRE,1,,,,,,,ZAR,WAF,EDW,CHONG,,,1,,,ZAR,,23961,,
27,3-Sep-26,,1500,RPC5168,G150,,,1,GRE,AG11,1,,,,,,,ZAR,WAF,EDW,CHONG,,,1,,,ZAR,,23961,,
28,3-Sep-26,,1530,N600MZ,GA6C,1,,,AG11,GRE,1,,,,,,,ZAR,SUK,WAF,BRY,,,1,,,ZAR,,UV,,
29,3-Sep-26,,1540,T7111,FA7X,1,,,AG12,CPAD1,,,,,,,1,HDT,SUK,WAF,HSM,,,1,,,ZAR,,WOA,,
30,3-Sep-26,,1605,N600MZ,GA6C,,,1,GRE,AG11,1,,,,,,,ZAR,LIM,CHAN,LOW,,,1,,,ZAR,,UV,,
31,3-Sep-26,,1630,N588SE,G650,,,1,D53,Z5,,,,,,,1,HDT,SUK,WAF,ZAR,1,,,,1,ZAR,,25222,,
32,3-Sep-26,,1700,T7688NJ,G650,1,,,AG13,GRE,,,,1,,,,SAM,AWI,WAN,CHEN,,,1,,,ZAR,,UV,,
33,3-Sep-26,,1750,VPCTW,GLF6,1,,,C6,Z5,,1,,,,,,HDT,WAF,SUK,ZAR,1,,,,1,ZAR,,25243,,
34,3-Sep-26,,1820,T71818,GLF5,1,,,AG13,CPAB1,,,,,,,1,HDT,WAF,SUK,SON,,,1,,,ZAR,,PAS,,
35,3-Sep-26,,1850,T7688NJ,G650,,,1,GRE,AG13,,,,1,,,,SAM,AWI,WAN,CHEN,,,1,,,ZAR,,UV,,
36,3-Sep-26,,1900,T7DNS,G280,,,1,B50,AG11,,,,,,,1,HDT,SUK,WAF,SAM,1,,,,,ZAR,VIEWING,25256,,
37,3-Sep-26,,1930,PKBKS,C56X,1,,,B7,AG12,,,,,,,1,HDT,SUK,WAF,SAM,1,,,,,ZAR,VIEWING,25194,,
38,,,0730,T7SAI,GLEX,1,,,AG6,C6,,,,,,,,,,,,,,,1,,SAM,TOWED BY BAS,25075,,
39,4-Sep-26,,0825,T7MGM,G450,1,,,B5 ,AG13,1,,,,,,,SAM,WAF,MCU,FOO,,,1,,,SAM,,PAS,,
40,4-Sep-26,,0845,T7G45,G450,,,1,AG13,GRE,1,,,,,,,SAM,FOO,MAU,WAF,,,1,,,SAM,,24979,,
41,4-Sep-26,,0900,T7JSC8,G450,1,,,AG11,B4,,,,,,,1,HDT,RAS,WAF,ALN,,,1,,,SAM,,PAS,,
42,4-Sep-26,,0945,N988GG,GLEX,,,1,CPAC1,C5,,,,,,,1,HDT,RAS,WAF,,1,,,,,SAM,,24868,,
43,4-Sep-26,,1000,T7G45,G450,,,1,GRE,CSA,1,,,,,,,SAM,SAE,MAU,,,,1,,,SAM,,24979,,
44,4-Sep-26,,1000,T7SAI,GLEX,1,,,C6,CPAC1,,,,,,,1,HDT,RAS,WAF,,1,,,,,SAM,,25075,,
45,4-Sep-26,,1030,T7G45,G450,,,1,CSA,AG13,1,,,,,,,SAM,SAE,MAU,FOO,,,1,,,SAM,,24979,,
46,4-Sep-26,,1115,RPC8717,G450,,,1,AG11,GRE,,,,1,,,,HDT,RAS,VIN,SHN,,,1,,,SAM,,WOA,,
47,4-Sep-26,,1120,N45AY,C680,,,1,AG5,B54,1,,,,,,,SAM,WAF,MUS,,1,,,,,SAM,,25086,,
48,4-Sep-26,,1200,RPC8717,G450,,,1,GRE,AG11,,,,1,,,,HDT,RAS,VIN,SHN,,,1,,,SAM,,WOA,,
49,4-Sep-26,,1210,T7VIC,GA8C,,,1,D55,Z4,1,,,,,,,SAM,WAF,RAS,HDT,,1,,,1,SAM,,WOA,,
50,4-Sep-26,,1230,VPCMA,B738,,,1,R1,AG11,,1,,,,,,ZAR,KAT,SAM,WAF,,,1,,,SAM,CUST VIEWING,24976,,
51,4-Sep-26,,1340,N71111,G550,,,1,AG13,C6,,,,1,,,,SAM,WAF,CHEN,CHIANG,,,1,,,SAM,,25069,,
52,4-Sep-26,,1350,MARCO,G550,1,,,Z5,GRE,,,,1,,,,SAM,WAF,RAS,JUN,,,1,,1,SAM,,25177,,
53,4-Sep-26,,1430,T7808,G650,,,1,D56,Z5,,,,1,,,,SAM,WAF,ZAR,KAT,1,,,,1,SAM,,25250,,
54,4-Sep-26,,1445,PKBKS,C56X,1,,,Z4,B2,1,,,,,,,HDT,RAS,ZAR,KAT,,,1,,,SAM,,25194,,
55,4-Sep-26,,1500,N372BC,GLEX,,,1,C3,D56,,,,1,,,,SAM,WAF,,,1,,,,,SAM,,25152,,
56,4-Sep-26,,1535,VPCMA,B738,1,,,AG11,R1,,1,,,,,,HDT,RAS,KAT,SAZ,,,1,,,SAM,,24976,,
57,4-Sep-26,,1535,MARCO,G550,,,1,GRE,Z5,,,,1,,,,SAM,WAF,JUN,ZAR,,,1,,1,SAM,,25177,,
58,4-Sep-26,,1550,T7DNS,G280,1,,,AG11,B1,,,,1,,,,SAM,WAF,HDT,RAS,,,1,,,SAM,,WOA,,
59,4-Sep-26,,1615,T7EQR,G450,1,,,AG13,B54,,,,1,,,,SAM,WAF,FOO,ALN,,,1,,,SAM,,UV,,
60,4-Sep-26,,1640,MSZSZ,G650,1,,,AG13,GRE,,,,1,,,,SAM,WAF,FOO,ALN,,,1,,,SAM,,PAS,,
61,4-Sep-26,,1800,MSZSZ,G650,,,1,GRE,AG13,1,,,,,,,SAM,WAF,FOO,SYF,,,1,,,SAM,,PAS,,
62,4-Sep-26,,1845,T7JSC8,G450,1,,,B4,AG11,1,,,,,,,SAM,WAF,RAS,FOO,,,1,,,SAM,,PAS,,
63,4-Sep-26,,1900,MARCO,G550,1,,,Z5,AG13,1,,,,,,,SAM,WAF,RAS,FOO,,,1,,1,SAM,,25177,,
64,4-Sep-26,,2225,T7Y8998,GA8C,,,1,D55,Z4,,,,1,,,,SAM,WAF,JOE,KAT,1,,,,1,SAM,,25218,,
65,5-Sep-26,,0900,N369WW,GL7T,,,1,C51,AG6,,,,,,,,,,,,,,,1,,ZAR,TOWED BY BAS,25164,,
66,5-Sep-26,,1025,VPCTL,G650,,,1,CMP11,C5,1,,,,,,,KAM,ZAR,HDT,KAT,1,,,,1,ZAR,,25060,,
67,5-Sep-26,,1035,T7SAI,GLEX,,,1,CPAC1,D52,1,,,,,,,KAM,ZAR,SAZ,,1,,,,,ZAR,,25020,,
68,5-Sep-26,,1600,T7688NJ,GLF6,1,,,AG13,C4,,,,,,,1,ZAR,WAF,RAF,HAO,,,1,,,ZAR,,25075,,
69,5-Sep-26,,1615,N8899J,GLF6,1,,,CPAB1,AG13,,,,,,,1,ZAR,WAF,RAF,HAO,,,1,,,ZAR,,PAS,,
70,5-Sep-26,,1630,N600MZ,GA6C,,,1,AG11,D56,,,,1,,,,ZAR,WAF,RAF,JAV,,,1,,,ZAR,,UV,,
71,5-Sep-26,,1645,T7ARES,GLEX,,,1,D55,C1,,,,1,,,,ZAR,WAF,,,1,,,,,ZAR,,25239,,
72,5-Sep-26,,1710,N988NW,FA7X,1,,,C62,AG13,1,,,,,,,KAM,KAT,SAZ,ZAR,,,1,,,ZAR,,PAS,,
73,6-Sep-26,,0720,N11UB,GLEX,,,1,AG6,D51,,,,,,,,,,,,,,,1,,ZAR,TOWED BY BAS,25209,,
74,6-Sep-26,,1550,VPCTL,G650,1,,,C62,CMP11,1,,,,,,,SUK,ZAR,RAF,JOE,1,,,,1,ZAR,,25246,,
75,6-Sep-26,,1620,N919PE,G650,1,,,D2,D51,,,,,,,1,ZAR,JAV,,,1,,,,,ZAR,,25163,,
76,6-Sep-26,,2105,A7CGA,G650,,,1,D50,AG13,,,,,,,1,KAM,KAT,ZAR,JAV,,,1,,,ZAR,AOG,WOA,,
77,7-Sep-26,,0910,VNA298,G650,1,,,AG11,GRE,,,,,,,1,SUK,FOO,CHI,RON,,,1,,,SUK,,25029,,
78,7-Sep-26,,1045,A7CGA,G650,,,1,AG13,C3,,1,,,,,,KAM,MUS,WEI,GAB,,,1,,,SUK,,WOA,,
79,7-Sep-26,,1055,VNA298,G650,,,1,GRE,AG11,,,,,,,1,SUK,FOO,CHI,RON,,,1,,1,SUK,,25029,,
80,7-Sep-26,,1120,T7808,G650,,,1,D52,Z5,,1,,,,,,KAM,MUS,KAT,JOE,1,,,,1,SUK,,25250,,
81,7-Sep-26,,1610,T7MGM,G450,1,,,AG13,GRE,,1,,,,,,KAM,MUS,WEI,CHIN,,,1,,,SUK,,PAS,,
82,7-Sep-26,,1625,T7VIC,GA8C,1,,,Z4,D1,,,,,,,1,SUK,MUS,KAT,HDT,,1,,,1,SUK,,WOA,,
83,7-Sep-26,,1645,T7VIC,GA8C,1,,,D1,Z4,,,,,,,1,SUK,MUS,KAT,HDT,,1,,,1,SUK,,WOA,,
84,7-Sep-26,,1705,VPCSL,G650,,,1,CPAB1,AG13,,,,,,,1,SUK,JOE,KAT,MUS,,,1,,,SUK,,PAS,,
85,7-Sep-26,,1730,T7MGM,G450,,,1,GRE,AG13,,1,,,,,,KAM,MUS,WEI,CHIN,,,1,,,SUK,,PAS,,
86,7-Sep-26,,1815,T7BOSS,A319,,,1,AG11,GRE,,1,,,,,,KAM,MUS,FOO,GAB,,,1,,,SUK,,UV,,
87,7-Sep-26,,1930,T7G45,G450,,,1,AG13,B4,,,,,,,1,SUK,HDT,MUS,SAM,1,,,,,SUK,,24979,,
88,7-Sep-26,,1940,PKBKS,C56LX,,,1,B2,B7,,,,1,,,,SAM,HDT,,,1,,,,,SUK,,25194,,
89,7-Sep-26,,1950,T710MAX,G450,,,1,AG11,B1,,,,,,,1,SUK,MUS,HDT,SAM,,,1,,,SUK,,PAS,,
90,7-Sep-26,,2000,T7BOSS,A319,,,1,GRE,AG11,,1,,,,,,KAM,MUS,SUK,SAM,,,1,,,SUK,,UV,,
91,8-Sep-26,,0710,VPCMA,B738,,,1,R1,GRE,,1,,,,,,SUK,SHF,ROL,,,,1,,,SAM,,24976,,
92,8-Sep-26,,0830,VPCMA,B738,,,1,GRE,R1,,1,,,,,,SUK,SHF,ROL,,,,1,,,SAM,,24976,,
93,8-Sep-26,,0935,T7JSC8,G450,1,,,AG11,B6,,,,,,,1,HDT,MUS,SHA,JOE,,,1,,,SAM,,PAS,,
94,8-Sep-26,,0935,VPCDE,GA6C,1,,,CPAC1,GRE,,,,1,,,,SAM,KHOR,HAN,,,,1,,,SAM,,UV,,
95,8-Sep-26,,0945,VQBQV,B737,1,,,C52,AG11,,1,,,,,,SUK,SAZ,ZAR,WAF,,,1,,,SAM,,BAS,,
96,8-Sep-26,,1030,VPCMA,B738,,,1,R1,AG11,,1,,,,,,SUK,MUS,FOO,WEI,,,1,,,SAM,CUST VISIT,24976,,
97,8-Sep-26,,1045,VPCDE,GA6C,,,1,GRE,CPAC1,,,,1,,,,SAM,KHOR,HAN,,,,1,,,SAM,,UV,,
98,8-Sep-26,,1520,VPCMA,B738,1,,,AG11,R1,,1,,,,,,SUK,ZAR,JOE,WAF,,,1,,,SAM,,24976,,
99,8-Sep-26,,1605,B3276,G650,1,,,AG11,GRE,,,,1,,,,SAM,WAN,AWI,RAZ,,,1,,,SAM,,PAS,,
100,8-Sep-26,,1615,T7808,G650,1,,,Z5,D51,,,,,,,1,SUK,MUS,NAV,RON,1,,,,1,SAM,,25250,,
101,8-Sep-26,,1630,T7G45,G450,,,1,B4,B59,,1,,,,,,HDT,ALI,,,1,,,,,SAM,,24979,,
102,8-Sep-26,,1655,T7VIC,GA8C,1,,,Z4,D55,,,,,,,1,SUK,MUS,ZAR,RON,,1,,,1,SAM,,WOA,,
103,8-Sep-26,,1705,B3276,G650,,,1,GRE,AG11,,,,1,,,,SAM,WAN,AWI,RAZ,,,1,,,SAM,,PAS,,
104,8-Sep-26,,1845,T7MGM,G450,1,,,AG13,B6,,,,1,,,,SAM,MUS,SUK,HDT,,,1,,,SAM,,PAS,,
105,8-Sep-26,,1900,MSZSZ,G650,,,1,AG13,CPAB1,,,,,,,1,SUK,MUS,HDT,SAM,,,1,,,SAM,,PAS,,
106,8-Sep-26,,1920,T7AMY,FA7X,,,1,AG13,CPAC1,,,,1,,,,SAM,MUS,SUK,HDT,,,1,,,SAM,,UV,,
107,9-Sep-26,,0755,VPCTW,G650,1,,,Z5,D53,,,,1,,,,SAM,WAF,SAZ,KAT,1,,,,1,SAM,,25243,,
108,9-Sep-26,,0820,N188WM,GA7C,,,1,D55,CMP11,,,,1,,,,SAM,WAF,SHA,RAS,1,,,,1,SAM,,25279,,
109,9-Sep-26,,1010,T7Y8998,GA7C,1,,,Z4,CPAB1X,,,,1,,,,SAM,WAF,RAF,KAT,1,,,,1,SAM,,25218,,
110,9-Sep-26,,1100,T7828,A220,1,,,Z4,GRE,,1,,,,,,SAM,WAF,CHIN,GAB,,,1,,1,SAM,,25181,,
111,9-Sep-26,,1150,T7828,A220,,,1,GRE,Z4,,1,,,,,,SAM,WAF,ZAR,KAT,1,,,,1,SAM,,25181,,
112,9-Sep-26,,1215,T7Y8998,GA7C,1,,,CPAB1X,Z4,,1,,,,,,SAM,SAZ,KAT,ZAR,1,,,,1,SAM,,25218,,
113,9-Sep-26,,1245,N566NS,G650,1,,,CPAB1X,AG13,,1,,,,,,SAM,KAT,SAZ,WAF,,,1,,,SAM,,PAS,,
114,9-Sep-26,,1250,N988NW,FA7X,1,,,AG13,CPAB1X,,,,,,,1,ZAR,SAZ,KAT,WAF,,,1,,,SAM,,PAS,,
115,9-Sep-26,,1410,T7OKS,G550,1,,,Z5,D53,,,,1,,,,SAM,WAF,CHI,RAZ,1,,,,1,SAM,,25093,,
116,9-Sep-26,,1545,N11UB,GLEX,,,1,D51,Z5,,,,1,,,,SAM,WAF,FOO,GAB,1,,,,,SAM,,25198,,
117,9-Sep-26,,1605,VPCJJ,G650,,,1,AG11,GRE,,,,1,,,,SAM,WAF,KHOR,SHN,,,1,,,SAM,,25026,,
118,9-Sep-26,,1705,T7ARES,GLEX,1,,,C1,D52,,,,1,,,,SAM,WAF,,,1,,,,,SAM,,25239,,
119,9-Sep-26,,1805,VPCJJ,G650,,,1,GRE,AG11,,,,1,,,,SAM,WAF,KHOR,SHN,,,1,,,SAM,,25026,,
120,9-Sep-26,,1840,T7808,G650,1,,,C2,Z5,,,,1,,,,SAM,WAF,KHOR,RAZI,1,,,,1,SAM,,25293,,
121,9-Sep-26,,1900,VQBQV,B737,1,,,AG11,C51,,1,,,,,,SAM,WAF,KHOR,RAZI,,,1,,,SAM,,BAS,,
122,9-Sep-26,,1955,LXPOH,FA7X,1,,,C62,D51,,1,,,,,,SAM,WAF,,,1,,,,,SAM,,25231,,
123,9-Sep-26,,2010,VPCKY,GA8C,,,1,D50,Z4,,1,,,,,,SAM,WAF,ZAR,KAT,1,,,,1,SAM,,25286,,
124,9-Sep-26,,2030,VPCSL,G650,1,,,AG13,CPAB1,,1,,,,,,SAM,WAF,SAZ,KAT,,,1,,,SAM,,PAS,,
125,9-Sep-26,,2045,B3276,G650,,,1,AG11,C4,,,,,,,1,ZAR,SAM,WAF,KAT,,,1,,,SAM,,WOA,,
126,10-Sep-26,,0630,T7RSP,GLEX,,,1,D55,AG7,,,,,,,,,,,,,,,1,,ZAR,TOW BY BAS,25064,,
127,10-Sep-26,,0905,N566NS,G650,,,1,AG13,GRE,,,,1,,,,SAM,NIC,NING,FOO,,,1,,,ZAR,,PAS,,
128,10-Sep-26,,0920,PKTMI,G450,,,1,B3,AG11,,,,,,,1,ZAR,JOE,HSM,RAS,,,1,,,ZAR,,UV,,
129,10-Sep-26,,0930,T7187,E35L,,,1,B54,AG13,,,,1,,,,SAM,KAM,SAZ,KAT,,,1,,,ZAR,,UV,,
130,10-Sep-26,,0940,N11UB,GLEX,1,,,Z5,AG6,,,,,,,,,,,,,,,1,,ZAR,,25198,,
131,10-Sep-26,,0950,VPCMA,B738,,,1,R1,AG11,,1,,,,,,ZAR,JOE,RAS,HSM,,,1,,,ZAR,DERAG,24976,,
132,10-Sep-26,,1020,N566NS,G650,,,1,GRE,AG13,,,,1,,,,SAM,RAF,NIC,NING,,,1,,,ZAR,,PAS,,
133,10-Sep-26,,1510,RPC5168,G150,1,,,AG11,GRE,,,,1,,,,SAM,LIM,RAF,ZAR,,,1,,,ZAR,,23961,,
134,10-Sep-26,,1545,VPCKY,GA8C,1,,,Z4,D1,,,,,,,1,ZAR,HSM,JOE,RAS,1,,,,1,ZAR,,25286,,
135,10-Sep-26,,1550,N308KB,G280,1,,,Z4,B3,,,1,,,,,HDT,HSM,JOE,RAS,1,,,,1,ZAR,,25214,,
136,10-Sep-26,,1555,T758GG,F2TH,,,1,Z4,B2,,,,,,,1,ZAR,HSM,JOE,RAS,1,,,,1,ZAR,,25159,,
137,10-Sep-26,,1600,N308KB,G280,,,1,B3,Z5,,,1,,,,,HDT,HSM,JOE,RAS,1,,,,1,ZAR,,25214,,
138,10-Sep-26,,1630,RPC5168,G150,,,1,GRE,AG11,,,,1,,,,SAM,LIM,JOE,ZAR,,,1,,,ZAR,,23961,,
139,10-Sep-26,,1705,N603BG,G550,,,1,D56,C1,,,,1,,,,SAM,ZAR,,,1,,,,,ZAR,,25291,,
140,10-Sep-26,,1910,N977JH,C680,1,,,B58,AG5,,,,1,,,,SAM,SHA,RAF,,,,1,,,ZAR,,25302,,
141,10-Sep-26,,2030,T758GG,F2TH,,,1,B2,Z4,,,,,,,1,ZAR,SAZ,KAT,RAF,1,,,,1,ZAR,FLT CANX,25290,,
142,10-Sep-26,,2040,VPCKY,G800,1,,,B2,Z4,,,,1,,,,SAM,SAZ,RAF,KAT,1,,,,1,ZAR,,25286,,
143,11-Sep-26,,0720,T7RSP,GLEX,,,1,AG7,C2,,,,,,,,,,,,,,,1,,ZAR,TOW BY BAS,25064,,
144,11-Sep-26,,0725,LXARY,GL7T,,,1,AG7,C4,,,,,,,,,,,,,,,1,,ZAR,TOW BY BAS,25160,,
145,11-Sep-26,,0900,B8279,G450,1,,,AG13,GRE,,,,1,,,,KAM,MAR,ZAR,JOE,,,1,,,ZAR,,PAS,,
146,11-Sep-26,,0945,T7BOSS,A319,,,1,AG11,R1,,1,,,,,,ZAR,JOE,SUK,MUS,,,1,,,ZAR,,UV,,
147,11-Sep-26,,1015,B8279,G450,,,1,GRE,AG13,,,,1,,,,KAM,MAR,ZAR,LIM,,,1,,,ZAR,,PAS,,
148,11-Sep-26,,1110,T7OKS,G550,,,1,D56,Z5,,,,1,,,,KAM,ZAR,JOE,RAF,1,,,,1,ZAR,,25265,,
149,11-Sep-26,,,,,,,,,,,,,,,,,,,,,,,,,,,,,,
150,11-Sep-26,,,,,,,,,,,,,,,,,,,,,,,,,,,,,,
151,11-Sep-26,,,,,,,,,,,,,,,,,,,,,,,,,,,,,,
152,11-Sep-26,,,,,,,,,,,,,,,,,,,,,,,,,,,,,,
153,11-Sep-26,,,,,,,,,,,,,,,,,,,,,,,,,,,,,,
154,11-Sep-26,,,,,,,,,,,,,,,,,,,,,,,,,,,,,,
155,11-Sep-26,,,,,,,,,,,,,,,,,,,,,,,,,,,,,,
156,11-Sep-26,,,,,,,,,,,,,,,,,,,,,,,,,,,,,,
157,,,,,,,,,,,,,,,,,,,,,,,,,,,,,,,
158,,,,,,,,,,,,,,,,,,,,,,,,,,,,,,,
159,,,,,,,,,,,,,,,,,,,,,,,,,,,,,,,
160,,,,,,,,,,,,,,,,,,,,,,,,,,,,,,,
161,,,,,,,,,,,,,,,,,,,,,,,,,,,,,,,
162,,,,,,,,,,,,,,,,,,,,,,,,,,,,,,,
163,,,,,,,,,,,,,,,,,,,,,,,,,,,,,,,
164,,,,,,,,,,,,,,,,,,,,,,,,,,,,,,,
165,,,,,,,,,,,,,,,,,,,,,,,,,,,,,,,
166,,,,,,,,,,,,,,,,,,,,,,,,,,,,,,,
167,,,,,,,,,,,,,,,,,,,,,,,,,,,,,,,
168,,,,,,,,,,,,,,,,,,,,,,,,,,,,,,,
169,,,,,,,,,,,,,,,,,,,,,,,,,,,,,,,
170,,,,,,,,,,,,,,,,,,,,,,,,,,,,,,,
171,,,,,,,,,,,,,,,,,,,,,,,,,,,,,,,
172,,,,,,,,,,,,,,,,,,,,,,,,,,,,,,,
173,,,,,,,,,,,,,,,,,,,,,,,,,,,,,,,
174,,,,,,,,,,,,,,,,,,,,,,,,,,,,,,,
175,,,,,,,,,,,,,,,,,,,,,,,,,,,,,,,
176,,,,,,,,,,,,,,,,,,,,,,,,,,,,,,,
177,,,,,,,,,,,,,,,,,,,,,,,,,,,,,,,
178,,,,,,,,,,,,,,,,,,,,,,,,,,,,,,,
179,,,,,,,,,,,,,,,,,,,,,,,,,,,,,,,
180,,,,,,,,,,,,,,,,,,,,,,,,,,,,,,,
181,,,,,,,,,,,,,,,,,,,,,,,,,,,,,,,
182,,,,,,,,,,,,,,,,,,,,,,,,,,,,,,,
183,,,,,,,,,,,,,,,,,,,,,,,,,,,,,,,
184,,,,,,,,,,,,,,,,,,,,,,,,,,,,,,,
185,,,,,,,,,,,,,,,,,,,,,,,,,,,,,,,
186,,,,,,,,,,,,,,,,,,,,,,,,,,,,,,,
187,,,,,,,,,,,,,,,,,,,,,,,,,,,,,,,
188,,,,,,,,,,,,,,,,,,,,,,,,,,,,,,,
189,,,,,,,,,,,,,,,,,,,,,,,,,,,,,,,
190,,,,,,,,,,,,,,,,,,,,,,,,,,,,,,,
191,,,,,,,,,,,,,,,,,,,,,,,,,,,,,,,
192,,,,,,,,,,,,,,,,,,,,,,,,,,,,,,,
193,,,,,,,,,,,,,,,,,,,,,,,,,,,,,,,
194,,,,,,,,,,,,,,,,,,,,,,,,,,,,,,,
195,,,,,,,,,,,,,,,,,,,,,,,,,,,,,,,
196,,,,,,,,,,,,,,,,,,,,,,,,,,,,,,,
197,,,,,,,,,,,,,,,,,,,,,,,,,,,,,,,
198,,,,,,,,,,,,,,,,,,,,,,,,,,,,,,,
199,,,,,,,,,,,,,,,,,,,,,,,,,,,,,,,
200,,,,,,,,,,,,,,,,,,,,,,,,,,,,,,,
201,,,,,,,,,,,,,,,,,,,,,,,,,,,,,,,
202,,,,,,,,,,,,,,,,,,,,,,,,,,,,,,,
203,,,,,,,,,,,,,,,,,,,,,,,,,,,,,,,
204,,,,,,,,,,,,,,,,,,,,,,,,,,,,,,,
205,,,,,,,,,,,,,,,,,,,,,,,,,,,,,,,
206,,,,,,,,,,,,,,,,,,,,,,,,,,,,,,,
207,,,,,,,,,,,,,,,,,,,,,,,,,,,,,,,
208,,,,,,,,,,,,,,,,,,,,,,,,,,,,,,,
209,,,,,,,,,,,,,,,,,,,,,,,,,,,,,,,
210,,,,,,,,,,,,,,,,,,,,,,,,,,,,,,,
211,,,,,,,,,,,,,,,,,,,,,,,,,,,,,,,
212,,,,,,,,,,,,,,,,,,,,,,,,,,,,,,,
213,,,,,,,,,,,,,,,,,,,,,,,,,,,,,,,
214,,,,,,,,,,,,,,,,,,,,,,,,,,,,,,,
215,,,,,,,,,,,,,,,,,,,,,,,,,,,,,,,
216,,,,,,,,,,,,,,,,,,,,,,,,,,,,,,,
217,,,,,,,,,,,,,,,,,,,,,,,,,,,,,,,
218,,,,,,,,,,,,,,,,,,,,,,,,,,,,,,,
219,,,,,,,,,,,,,,,,,,,,,,,,,,,,,,,
220,,,,,,,,,,,,,,,,,,,,,,,,,,,,,,,
221,,,,,,,,,,,,,,,,,,,,,,,,,,,,,,,
222,,,,,,,,,,,,,,,,,,,,,,,,,,,,,,,
223,,,,,,,,,,,,,,,,,,,,,,,,,,,,,,,
224,,,,,,,,,,,,,,,,,,,,,,,,,,,,,,,
225,,,,,,,,,,,,,,,,,,,,,,,,,,,,,,,
226,,,,,,,,,,,,,,,,,,,,,,,,,,,,,,,
227,,,,,,,,,,,,,,,,,,,,,,,,,,,,,,,
228,,,,,,,,,,,,,,,,,,,,,,,,,,,,,,,
229,,,,,,,,,,,,,,,,,,,,,,,,,,,,,,,
230,,,,,,,,,,,,,,,,,,,,,,,,,,,,,,,
231,,,,,,,,,,,,,,,,,,,,,,,,,,,,,,,
232,,,,,,,,,,,,,,,,,,,,,,,,,,,,,,,
233,,,,,,,,,,,,,,,,,,,,,,,,,,,,,,,
234,,,,,,,,,,,,,,,,,,,,,,,,,,,,,,,
235,,,,,,,,,,,,,,,,,,,,,,,,,,,,,,,
236,,,,,,,,,,,,,,,,,,,,,,,,,,,,,,,
237,,,,,,,,,,,,,,,,,,,,,,,,,,,,,,,
238,,,,,,,,,,,,,,,,,,,,,,,,,,,,,,,
239,,,,,,,,,,,,,,,,,,,,,,,,,,,,,,,
240,,,,,,,,,,,,,,,,,,,,,,,,,,,,,,,
241,,,,,,,,,,,,,,,,,,,,,,,,,,,,,,,
242,,,,,,,,,,,,,,,,,,,,,,,,,,,,,,,
243,,,,,,,,,,,,,,,,,,,,,,,,,,,,,,,
244,,,,,,,,,,,,,,,,,,,,,,,,,,,,,,,
245,,,,,,,,,,,,,,,,,,,,,,,,,,,,,,,
246,,,,,,,,,,,,,,,,,,,,,,,,,,,,,,,
247,,,,,,,,,,,,,,,,,,,,,,,,,,,,,,,
248,,,,,,,,,,,,,,,,,,,,,,,,,,,,,,,
249,,,,,,,,,,,,,,,,,,,,,,,,,,,,,,,
250,,,,,,,,,,,,,,,,,,,,,,,,,,,,,,,
251,,,,,,,,,,,,,,,,,,,,,,,,,,,,,,,
252,,,,,,,,,,,,,,,,,,,,,,,,,,,,,,,
253,,,,,,,,,,,,,,,,,,,,,,,,,,,,,,,
254,,,,,,,,,,,,,,,,,,,,,,,,,,,,,,,
255,,,,,,,,,,,,,,,,,,,,,,,,,,,,,,,
256,,,,,,,,,,,,,,,,,,,,,,,,,,,,,,,
257,,,,,,,,,,,,,,,,,,,,,,,,,,,,,,,
258,,,,,,,,,,,,,,,,,,,,,,,,,,,,,,,
259,,,,,,,,,,,,,,,,,,,,,,,,,,,,,,,
260,,,,,,,,,,,,,,,,,,,,,,,,,,,,,,,
261,,,,,,,,,,,,,,,,,,,,,,,,,,,,,,,
262,,,,,,,,,,,,,,,,,,,,,,,,,,,,,,,
263,,,,,,,,,,,,,,,,,,,,,,,,,,,,,,,
264,,,,,,,,,,,,,,,,,,,,,,,,,,,,,,,
265,,,,,,,,,,,,,,,,,,,,,,,,,,,,,,,
266,,,,,,,,,,,,,,,,,,,,,,,,,,,,,,,
267,,,,,,,,,,,,,,,,,,,,,,,,,,,,,,,
268,,,,,,,,,,,,,,,,,,,,,,,,,,,,,,,
269,,,,,,,,,,,,,,,,,,,,,,,,,,,,,,,
270,,,,,,,,,,,,,,,,,,,,,,,,,,,,,,,
271,,,,,,,,,,,,,,,,,,,,,,,,,,,,,,,
272,,,,,,,,,,,,,,,,,,,,,,,,,,,,,,,
273,,,,,,,,,,,,,,,,,,,,,,,,,,,,,,,
274,,,,,,,,,,,,,,,,,,,,,,,,,,,,,,,
275,,,,,,,,,,,,,,,,,,,,,,,,,,,,,,,
276,,,,,,,,,,,,,,,,,,,,,,,,,,,,,,,
277,,,,,,,,,,,,,,,,,,,,,,,,,,,,,,,
278,,,,,,,,,,,,,,,,,,,,,,,,,,,,,,,
279,,,,,,,,,,,,,,,,,,,,,,,,,,,,,,,
280,,,,,,,,,,,,,,,,,,,,,,,,,,,,,,,
281,,,,,,,,,,,,,,,,,,,,,,,,,,,,,,,
282,,,,,,,,,,,,,,,,,,,,,,,,,,,,,,,
283,,,,,,,,,,,,,,,,,,,,,,,,,,,,,,,
284,,,,,,,,,,,,,,,,,,,,,,,,,,,,,,,
285,,,,,,,,,,,,,,,,,,,,,,,,,,,,,,,
286,,,,,,,,,,,,,,,,,,,,,,,,,,,,,,,
287,,,,,,,,,,,,,,,,,,,,,,,,,,,,,,,
288,,,,,,,,,,,,,,,,,,,,,,,,,,,,,,,
289,,,,,,,,,,,,,,,,,,,,,,,,,,,,,,,
290,,,,,,,,,,,,,,,,,,,,,,,,,,,,,,,
291,,,,,,,,,,,,,,,,,,,,,,,,,,,,,,,
292,,,,,,,,,,,,,,,,,,,,,,,,,,,,,,,
293,,,,,,,,,,,,,,,,,,,,,,,,,,,,,,,
294,,,,,,,,,,,,,,,,,,,,,,,,,,,,,,,
295,,,,,,,,,,,,,,,,,,,,,,,,,,,,,,,
296,,,,,,,,,,,,,,,,,,,,,,,,,,,,,,,
297,,,,,,,,,,,,,,,,,,,,,,,,,,,,,,,
298,,,,,,,,,,,,,,,,,,,,,,,,,,,,,,,
299,,,,,,,,,,,,,,,,,,,,,,,,,,,,,,,
300,,,,,,,,,,,,,,,,,,,,,,,,,,,,,,,
301,,,,,,,,,,,,,,,,,,,,,,,,,,,,,,,
302,,,,,,,,,,,,,,,,,,,,,,,,,,,,,,,
303,,,,,,,,,,,,,,,,,,,,,,,,,,,,,,,
304,,,,,,,,,,,,,,,,,,,,,,,,,,,,,,,
305,,,,,,,,,,,,,,,,,,,,,,,,,,,,,,,
306,,,,,,,,,,,,,,,,,,,,,,,,,,,,,,,
307,,,,,,,,,,,,,,,,,,,,,,,,,,,,,,,
308,,,,,,,,,,,,,,,,,,,,,,,,,,,,,,,
309,,,,,,,,,,,,,,,,,,,,,,,,,,,,,,,
310,,,,,,,,,,,,,,,,,,,,,,,,,,,,,,,
311,,,,,,,,,,,,,,,,,,,,,,,,,,,,,,,
312,,,,,,,,,,,,,,,,,,,,,,,,,,,,,,,
313,,,,,,,,,,,,,,,,,,,,,,,,,,,,,,,
314,,,,,,,,,,,,,,,,,,,,,,,,,,,,,,,
315,,,,,,,,,,,,,,,,,,,,,,,,,,,,,,,
316,,,,,,,,,,,,,,,,,,,,,,,,,,,,,,,
317,,,,,,,,,,,,,,,,,,,,,,,,,,,,,,,
318,,,,,,,,,,,,,,,,,,,,,,,,,,,,,,,
319,,,,,,,,,,,,,,,,,,,,,,,,,,,,,,,
320,,,,,,,,,,,,,,,,,,,,,,,,,,,,,,,
321,,,,,,,,,,,,,,,,,,,,,,,,,,,,,,,
322,,,,,,,,,,,,,,,,,,,,,,,,,,,,,,,
323,,,,,,,,,,,,,,,,,,,,,,,,,,,,,,,
324,,,,,,,,,,,,,,,,,,,,,,,,,,,,,,,
325,,,,,,,,,,,,,,,,,,,,,,,,,,,,,,,
326,,,,,,,,,,,,,,,,,,,,,,,,,,,,,,,
327,,,,,,,,,,,,,,,,,,,,,,,,,,,,,,,
328,,,,,,,,,,,,,,,,,,,,,,,,,,,,,,,
329,,,,,,,,,,,,,,,,,,,,,,,,,,,,,,,
330,,,,,,,,,,,,,,,,,,,,,,,,,,,,,,,
331,,,,,,,,,,,,,,,,,,,,,,,,,,,,,,,
332,,,,,,,,,,,,,,,,,,,,,,,,,,,,,,,
333,,,,,,,,,,,,,,,,,,,,,,,,,,,,,,,
334,,,,,,,,,,,,,,,,,,,,,,,,,,,,,,,
335,,,,,,,,,,,,,,,,,,,,,,,,,,,,,,,
336,,,,,,,,,,,,,,,,,,,,,,,,,,,,,,,
337,,,,,,,,,,,,,,,,,,,,,,,,,,,,,,,
338,,,,,,,,,,,,,,,,,,,,,,,,,,,,,,,
339,,,,,,,,,,,,,,,,,,,,,,,,,,,,,,,
340,,,,,,,,,,,,,,,,,,,,,,,,,,,,,,,
341,,,,,,,,,,,,,,,,,,,,,,,,,,,,,,,
342,,,,,,,,,,,,,,,,,,,,,,,,,,,,,,,
343,,,,,,,,,,,,,,,,,,,,,,,,,,,,,,,
344,,,,,,,,,,,,,,,,,,,,,,,,,,,,,,,
345,,,,,,,,,,,,,,,,,,,,,,,,,,,,,,,
346,,,,,,,,,,,,,,,,,,,,,,,,,,,,,,,
347,,,,,,,,,,,,,,,,,,,,,,,,,,,,,,,
348,,,,,,,,,,,,,,,,,,,,,,,,,,,,,,,
349,,,,,,,,,,,,,,,,,,,,,,,,,,,,,,,
350,,,,,,,,,,,,,,,,,,,,,,,,,,,,,,,
351,,,,,,,,,,,,,,,,,,,,,,,,,,,,,,,
352,,,,,,,,,,,,,,,,,,,,,,,,,,,,,,,
353,,,,,,,,,,,,,,,,,,,,,,,,,,,,,,,
354,,,,,,,,,,,,,,,,,,,,,,,,,,,,,,,
355,,,,,,,,,,,,,,,,,,,,,,,,,,,,,,,
356,,,,,,,,,,,,,,,,,,,,,,,,,,,,,,,
357,,,,,,,,,,,,,,,,,,,,,,,,,,,,,,,
358,,,,,,,,,,,,,,,,,,,,,,,,,,,,,,,
359,,,,,,,,,,,,,,,,,,,,,,,,,,,,,,,
360,,,,,,,,,,,,,,,,,,,,,,,,,,,,,,,
361,,,,,,,,,,,,,,,,,,,,,,,,,,,,,,,
362,,,,,,,,,,,,,,,,,,,,,,,,,,,,,,,
363,,,,,,,,,,,,,,,,,,,,,,,,,,,,,,,
364,,,,,,,,,,,,,,,,,,,,,,,,,,,,,,,
365,,,,,,,,,,,,,,,,,,,,,,,,,,,,,,,
366,,,,,,,,,,,,,,,,,,,,,,,,,,,,,,,
367,,,,,,,,,,,,,,,,,,,,,,,,,,,,,,,
368,,,,,,,,,,,,,,,,,,,,,,,,,,,,,,,
369,,,,,,,,,,,,,,,,,,,,,,,,,,,,,,,
370,,,,,,,,,,,,,,,,,,,,,,,,,,,,,,,
371,,,,,,,,,,,,,,,,,,,,,,,,,,,,,,,
372,,,,,,,,,,,,,,,,,,,,,,,,,,,,,,,
373,,,,,,,,,,,,,,,,,,,,,,,,,,,,,,,
374,,,,,,,,,,,,,,,,,,,,,,,,,,,,,,,
375,,,,,,,,,,,,,,,,,,,,,,,,,,,,,,,
376,,,,,,,,,,,,,,,,,,,,,,,,,,,,,,,
377,,,,,,,,,,,,,,,,,,,,,,,,,,,,,,,
378,,,,,,,,,,,,,,,,,,,,,,,,,,,,,,,
379,,,,,,,,,,,,,,,,,,,,,,,,,,,,,,,
380,,,,,,,,,,,,,,,,,,,,,,,,,,,,,,,
381,,,,,,,,,,,,,,,,,,,,,,,,,,,,,,,
382,,,,,,,,,,,,,,,,,,,,,,,,,,,,,,,
383,,,,,,,,,,,,,,,,,,,,,,,,,,,,,,,
384,,,,,,,,,,,,,,,,,,,,,,,,,,,,,,,
385,,,,,,,,,,,,,,,,,,,,,,,,,,,,,,,
386,,,,,,,,,,,,,,,,,,,,,,,,,,,,,,,
387,,,,,,,,,,,,,,,,,,,,,,,,,,,,,,,
388,,,,,,,,,,,,,,,,,,,,,,,,,,,,,,,
389,,,,,,,,,,,,,,,,,,,,,,,,,,,,,,,
390,,,,,,,,,,,,,,,,,,,,,,,,,,,,,,,
391,,,,,,,,,,,,,,,,,,,,,,,,,,,,,,,
392,,,,,,,,,,,,,,,,,,,,,,,,,,,,,,,
393,,,,,,,,,,,,,,,,,,,,,,,,,,,,,,,
394,,,,,,,,,,,,,,,,,,,,,,,,,,,,,,,
395,,,,,,,,,,,,,,,,,,,,,,,,,,,,,,,
396,,,,,,,,,,,,,,,,,,,,,,,,,,,,,,,
397,,,,,,,,,,,,,,,,,,,,,,,,,,,,,,,
398,,,,,,,,,,,,,,,,,,,,,,,,,,,,,,,
399,,,,,,,,,,,,,,,,,,,,,,,,,,,,,,,
400,,,,,,,,,,,,,,,,,,,,,,,,,,,,,,,
,,,,,,,,,,,,,,,,,,,,,,,,,,,,,,,
,REPORT,,,,,,,,,,,,,,,,,,,,,,,,,,,,,,
,TOTAL TOWINGS,,,148,,68,0,80,,,20,27,2,43,0,0,48,,,,,50,4,86,8,43,,,,,
,TOTAL JET TOWINGS,,,140,,,,,,,14.3%,19.3%,1.4%,30.7%,0.0%,0.0%,34.3%,,,,,,,,,,,,,,
,TOTAL N/J TOWINGS,,,8,,,,,,,,,,,,,,,,,,36%,,58%,5%,29%,,,,,
,,,,,,,,,,,,,,,,,,,,,,,,,,,,,,,
,,,,,,,,,,,,,,,,,,,,,,,,,,,,,,,
,,,,,,,,,,,,,,,,,,,,AVERAGE P/D=,,#DIV/0!,,,0,2,,,,,
,,,,,,,,,,,,,,,,,,,,,,,,,,,,,,,
,,,,,,,,,,,,,,,,,,,,,Number of days for this month,,,,,,,,,,
,,,,,,,,,,,,,,,,,,,,,,,,,,,,,,,
,,,,,,,,,,,,,,,,,,,,,SUK,33,24%,CAT1R,,,,,,,
,,,,,,,,,,,,,,,,,,,,,ZAR,18,13%,CAT1R,,,,,,,
,,,,,,,,,,,,,,,,,,,,,SAM,53,38%,CAT1R,,,,,,,
,,,,,,,,,,,,,,,,,,,,,KAM,17,12%,CAT1R,,,,,,,
,,,,,,,,,,,,,,,,,,,,,HDT,17,12%,CAT1R,,,,,,,
,,,,,,,,,,,,,,,,,,,,,RAS,2,1%,CAT1R,,,,,,,
,,,,,,,,,,,,,,,,,,,,,HSM,0,0%,CAT1R,,,,,,,
,,,,,,,,,,,,,,,,,,,,,FKS,0,0%,CAT1R,,,,,,,
,,,,,,,,,,,,,,,,,,,,,,,100%,,,,,,,,
